line_id,route_id,stop_point_id,stop_point_index,name
r10831465,r10524210,n9300383986,1,Vypin Jetty
r10831465,r10524210,n9300383987,2,Fort Kochi Junkar Jetty
r10831465,r10524211,n9300383987,1,Fort Kochi Junkar Jetty
r10831465,r10524211,n9300383986,2,Vypin Jetty
r10831516,r10525435,n7099984219,1,Nedungad
r10831516,r10525435,n7019490009,10,Thayyezhuth Ln
r10831516,r10525435,n2928886789,11,Nayarambalam
r10831516,r10525435,n6859298874,12,CT Office
r10831516,r10525435,n4729063228,13,ATH
r10831516,r10525435,n7019570874,14,kochambalam
r10831516,r10525435,n7019570872,15,kudungasseri
r10831516,r10525435,n7019489991,16,Veliyatham Parambu
r10831516,r10525435,n8562986962,17,Maanattuparambu
r10831516,r10525435,n7019570867,18,Mampilly
r10831516,r10525435,n7019570864,19,Njarackal
r10831516,r10525435,n9162332253,2,Boat jetty
r10831516,r10525435,n7019570862,20,Hospital Junction
r10831516,r10525435,n7019570857,21,Perumpilly
r10831516,r10525435,n7019570856,22,Elamkunnapuzha
r10831516,r10525435,n7019570854,23,Perumalppadi
r10831516,r10525435,n7019483220,24,Malippuram hospital
r10831516,r10525435,n3870727313,25,Valappu
r10831516,r10525435,n7080379200,26,School muttam
r10831516,r10525435,n7018599468,27,Puthuvype
r10831516,r10525435,n7018945497,28,Company Peedika
r10831516,r10525435,n7083824553,29,Thekkan malippuram
r10831516,r10525435,n7021264006,30,Murikkumpaadam
r10831516,r10525435,n7052794274,31,SeaFood
r10831516,r10525435,n7097918159,32,Kaalamukku
r10831516,r10525435,n7097918160,33,Panikkaru Padi
r10831516,r10525435,n982135818,34,Vypin
r10831516,r10525435,n7097918161,35,Panikkaru Padi
r10831516,r10525435,n7021264003,36,Kaalamukku
r10831516,r10525435,n7052794272,37,Vallarpadam
r10831516,r10525435,n7086058489,38,Vallarpadam Junction
r10831516,r10525435,n7052794270,39,Bolgatty
r10831516,r10525435,n7052794253,40,High Court
r10831516,r10525435,n9162332247,5,Puliyampullly Temple
r10831516,r10525435,n4729063219,9,Aniyal
r10831516,r10525436,n7052794252,1,High Court
r10831516,r10525436,n7052794273,10,SeaFood
r10831516,r10525436,n7021264005,11,Murikkumpaadam
r10831516,r10525436,n7083824552,12,Thekkan malippuram
r10831516,r10525436,n6864553692,13,Company Peedika
r10831516,r10525436,n7018599469,14,Puthuvype
r10831516,r10525436,n7083824551,15,School muttam
r10831516,r10525436,n7018735456,16,Valappu
r10831516,r10525436,n7019483219,17,Malippuram hospital
r10831516,r10525436,n3870727315,18,Perumalppadi
r10831516,r10525436,n7019570855,19,Elamkunnapuzha
r10831516,r10525436,n5756729629,2,Bolgatty
r10831516,r10525436,n7019570858,20,Perumpilly
r10831516,r10525436,n7019570863,21,Hospital Junction
r10831516,r10525436,n4729063558,22,Njarackal
r10831516,r10525436,n7019570866,23,Mampilly
r10831516,r10525436,n7019570868,24,Maanattuparambu
r10831516,r10525436,n7019570870,25,Veliyatham Parambu
r10831516,r10525436,n7019570871,26,kudungasseri
r10831516,r10525436,n7019570873,27,kochambalam
r10831516,r10525436,n7019570875,28,ATH
r10831516,r10525436,n7019489996,29,CT Office
r10831516,r10525436,n7086058490,3,Vallarpadam Junction
r10831516,r10525436,n7019570876,30,Nayarambalam
r10831516,r10525436,n7294644885,31,Thayyezhuth Ln
r10831516,r10525436,n9162332240,32,Aniyal
r10831516,r10525436,n9162332248,36,Puliyampullly Temple
r10831516,r10525436,n9162332254,39,Boat jetty
r10831516,r10525436,n7052794271,4,Vallarpadam
r10831516,r10525436,n7099984219,40,Nedungad
r10831516,r10525436,n7097918159,5,Kaalamukku
r10831516,r10525436,n7097918160,6,Panikkaru Padi
r10831516,r10525436,n982135818,7,Vypin
r10831516,r10525436,n7097918161,8,Panikkaru Padi
r10831516,r10525436,n7021264004,9,Kaalamukku
r10831518,r10403637,n7052794252,1,High Court
r10831518,r10403637,n7018599469,10,Puthuvype
r10831518,r10403637,n7083824551,11,School muttam
r10831518,r10403637,n7018735456,12,Valappu
r10831518,r10403637,n7019483219,13,Malippuram hospital
r10831518,r10403637,n9310076227,14,Malippuram
r10831518,r10403637,n3870727315,15,Perumalppadi
r10831518,r10403637,n7019570855,16,Elamkunnapuzha
r10831518,r10403637,n7019570858,17,Perumpilly
r10831518,r10403637,n7019570863,18,Hospital Junction
r10831518,r10403637,n4729063558,19,Njarackal
r10831518,r10403637,n5756729629,2,Bolgatty
r10831518,r10403637,n7019570866,20,Mampilly
r10831518,r10403637,n7019570868,21,Maanattuparambu
r10831518,r10403637,n7019570870,22,Veliyatham Parambu
r10831518,r10403637,n7019570871,23,kudungasseri
r10831518,r10403637,n7019570873,24,kochambalam
r10831518,r10403637,n7019570875,25,ATH
r10831518,r10403637,n7019489996,26,CT Office
r10831518,r10403637,n7019570876,27,Nayarambalam
r10831518,r10403637,n7294644885,28,Thayyezhuth Ln
r10831518,r10403637,n7019490039,29,Aniyal
r10831518,r10403637,n7086058490,3,Vallarpadam Junction
r10831518,r10403637,n4729063048,30,Edavanakad Palli
r10831518,r10403637,n7019490052,31,KPMHS
r10831518,r10403637,n7019490054,32,AE Office
r10831518,r10403637,n7019490058,33,Pazhangad
r10831518,r10403637,n7019490059,34,Vaachakkal
r10831518,r10403637,n7019500465,35,Illathupadi
r10831518,r10403637,n7019500470,36,Kuzhuppilly
r10831518,r10403637,n7019500474,37,Kuzhuppilly Vadakekkara
r10831518,r10403637,n6895227823,38,Pallathamkulangara
r10831518,r10403637,n6895265704,39,Cheruvaippu Junction
r10831518,r10403637,n7052794271,4,Vallarpadam
r10831518,r10403637,n7019609344,40,Palli Hospital
r10831518,r10403637,n7019609347,41,Vadakekkara
r10831518,r10403637,n4729063046,42,Janatha
r10831518,r10403637,n7019609343,43,Ayyampilly
r10831518,r10403637,n7019609348,44,Ramavarma
r10831518,r10403637,n6914445924,45,Gowreeswaram
r10831518,r10403637,n7019609353,46,Devaswam nada
r10831518,r10403637,n7052794240,47,Palli
r10831518,r10403637,n7084389851,48,Cherai Bridge
r10831518,r10403637,n7052794241,49,Perumpadanna Bridge
r10831518,r10403637,n7021264004,5,Kaalamukku
r10831518,r10403637,n7052794244,50,Perumpadanna
r10831518,r10403637,n7052794250,51,Prabhus
r10831518,r10403637,n4665138939,52,KMK Junction
r10831518,r10403637,n2780917203,53,KSRTC Bus Station
r10831518,r10403637,n2965446278,54,Chendamangalam Junction
r10831518,r10403637,n7099924088,55,North Paravur
r10831518,r10403637,n7052794273,6,SeaFood
r10831518,r10403637,n7021264005,7,Murikkumpaadam
r10831518,r10403637,n7083824552,8,Thekkan malippuram
r10831518,r10403637,n6864553692,9,Company Peedika
r10831518,r10519399,n7099924088,1,North Paravur
r10831518,r10519399,n1049713235,10,Palli
r10831518,r10519399,n7019697468,11,Devaswam nada
r10831518,r10519399,n7019609351,12,Gowreeswaram
r10831518,r10519399,n7019609349,13,Ramavarma
r10831518,r10519399,n4729063216,14,Ayyampilly
r10831518,r10519399,n7019609346,15,Janatha
r10831518,r10519399,n7052794239,16,Vadakekkara
r10831518,r10519399,n7019609345,17,Palli Hospital
r10831518,r10519399,n7019540815,18,Cheruvaippu Junction
r10831518,r10519399,n7019540813,19,Pallathamkulangara
r10831518,r10519399,n3711605443,2,Civil station
r10831518,r10519399,n7019500475,20,Kuzhuppilly Vadakekkara
r10831518,r10519399,n7019500471,21,Kuzhuppilly
r10831518,r10519399,n7019500464,22,Illathupadi
r10831518,r10519399,n7019490060,23,Vaachakkal
r10831518,r10519399,n7019490057,24,Pazhangad
r10831518,r10519399,n4729546009,25,AE Office
r10831518,r10519399,n7019490053,26,KPMHS
r10831518,r10519399,n7019490048,27,Edavanakad Palli
r10831518,r10519399,n4729063219,28,Aniyal
r10831518,r10519399,n2928886789,29,Nayarambalam
r10831518,r10519399,n3676244647,3,Namboodrichanda aal
r10831518,r10519399,n6859298874,30,CT Office
r10831518,r10519399,n4729063228,31,ATH
r10831518,r10519399,n7019570874,32,kochambalam
r10831518,r10519399,n7019570872,33,kudungasseri
r10831518,r10519399,n7019489991,34,Veliyatham Parambu
r10831518,r10519399,n8562986962,35,Maanattuparambu
r10831518,r10519399,n7019570867,36,Mampilly
r10831518,r10519399,n7019570864,37,Njarackal
r10831518,r10519399,n7019570862,38,Hospital Junction
r10831518,r10519399,n7019570857,39,Perumpilly
r10831518,r10519399,n4731124415,4,Municipal Junction
r10831518,r10519399,n7019570856,40,Elamkunnapuzha
r10831518,r10519399,n7019570854,41,Perumalppadi
r10831518,r10519399,n9310076228,42,Malippuram
r10831518,r10519399,n7019483220,43,Malippuram hospital
r10831518,r10519399,n3870727313,44,Valappu
r10831518,r10519399,n7080379200,45,School muttam
r10831518,r10519399,n7018599468,46,Puthuvype
r10831518,r10519399,n7018945497,47,Company Peedika
r10831518,r10519399,n7083824553,48,Thekkan malippuram
r10831518,r10519399,n7021264006,49,Murikkumpaadam
r10831518,r10519399,n1049713241,5,KMK Junction
r10831518,r10519399,n7052794274,50,SeaFood
r10831518,r10519399,n7097918159,51,Kaalamukku
r10831518,r10519399,n7097918160,52,Panikkaru Padi
r10831518,r10519399,n982135818,53,Vypin
r10831518,r10519399,n7097918161,54,Panikkaru Padi
r10831518,r10519399,n7021264003,55,Kaalamukku
r10831518,r10519399,n7052794272,56,Vallarpadam
r10831518,r10519399,n7086058489,57,Vallarpadam Junction
r10831518,r10519399,n7052794270,58,Bolgatty
r10831518,r10519399,n7052794253,59,High Court
r10831518,r10519399,n7052794251,6,Prabhus
r10831518,r10519399,n7052794245,7,Perumpadanna
r10831518,r10519399,n7052794242,8,Perumpadanna Bridge
r10831518,r10519399,n7084389852,9,Cherai Bridge
r10831518,r10523910,n7052794252,1,High Court
r10831518,r10523910,n7097918161,10,Panikkaru Padi
r10831518,r10523910,n7021264004,11,Kaalamukku
r10831518,r10523910,n7052794273,12,SeaFood
r10831518,r10523910,n7021264005,13,Murikkumpaadam
r10831518,r10523910,n7083824552,14,Thekkan malippuram
r10831518,r10523910,n6864553692,15,Company Peedika
r10831518,r10523910,n7018599469,16,Puthuvype
r10831518,r10523910,n7083824551,17,School muttam
r10831518,r10523910,n7018735456,18,Valappu
r10831518,r10523910,n7019483219,19,Malippuram hospital
r10831518,r10523910,n5756729629,2,Bolgatty
r10831518,r10523910,n3870727315,20,Perumalppadi
r10831518,r10523910,n7019570855,21,Elamkunnapuzha
r10831518,r10523910,n7019570858,22,Perumpilly
r10831518,r10523910,n7019570863,23,Hospital Junction
r10831518,r10523910,n4729063558,24,Njarackal
r10831518,r10523910,n7019570866,25,Mampilly
r10831518,r10523910,n7019570868,26,Maanattuparambu
r10831518,r10523910,n7019570870,27,Veliyatham Parambu
r10831518,r10523910,n7019570871,28,kudungasseri
r10831518,r10523910,n7019570873,29,kochambalam
r10831518,r10523910,n7086058490,3,Vallarpadam Junction
r10831518,r10523910,n7019570875,30,ATH
r10831518,r10523910,n7019489996,31,CT Office
r10831518,r10523910,n7019570876,32,Nayarambalam
r10831518,r10523910,n7294644885,33,Thayyezhuth Ln
r10831518,r10523910,n7019490039,34,Aniyal
r10831518,r10523910,n4729063048,35,Edavanakad Palli
r10831518,r10523910,n7019490052,36,KPMHS
r10831518,r10523910,n7019490054,37,AE Office
r10831518,r10523910,n7019490058,38,Pazhangad
r10831518,r10523910,n7019490059,39,Vaachakkal
r10831518,r10523910,n7052794271,4,Vallarpadam
r10831518,r10523910,n7019500465,40,Illathupadi
r10831518,r10523910,n7019500470,41,Kuzhuppilly
r10831518,r10523910,n7019500474,42,Kuzhuppilly Vadakekkara
r10831518,r10523910,n6895227823,43,Pallathamkulangara
r10831518,r10523910,n6895265704,44,Cheruvaippu Junction
r10831518,r10523910,n7019609344,45,Palli Hospital
r10831518,r10523910,n7019609347,46,Vadakekkara
r10831518,r10523910,n4729063046,47,Janatha
r10831518,r10523910,n7019609343,48,Ayyampilly
r10831518,r10523910,n7019609348,49,Ramavarma
r10831518,r10523910,n7097918159,5,Kaalamukku
r10831518,r10523910,n6914445924,50,Gowreeswaram
r10831518,r10523910,n7019609353,51,Devaswam nada
r10831518,r10523910,n7052794240,52,Palli
r10831518,r10523910,n7084389851,53,Cherai Bridge
r10831518,r10523910,n7052794241,54,Perumpadanna Bridge
r10831518,r10523910,n7052794244,55,Perumpadanna
r10831518,r10523910,n7052794250,56,Prabhus
r10831518,r10523910,n4665138939,57,KMK Junction
r10831518,r10523910,n2780917203,58,KSRTC Bus Station
r10831518,r10523910,n2965446278,59,Chendamangalam Junction
r10831518,r10523910,n7097918160,6,Panikkaru Padi
r10831518,r10523910,n7099924088,60,North Paravur
r10831518,r10523910,n9310076226,7,Government School Pady
r10831518,r10523910,n982135818,8,Vypin
r10831518,r10523910,n9310076225,9,Government School Pady
r10831518,r10523911,n7099924088,1,North Paravur
r10831518,r10523911,n1049713235,10,Palli
r10831518,r10523911,n7019697468,11,Devaswam nada
r10831518,r10523911,n7019609351,12,Gowreeswaram
r10831518,r10523911,n7019609349,13,Ramavarma
r10831518,r10523911,n4729063216,14,Ayyampilly
r10831518,r10523911,n7019609346,15,Janatha
r10831518,r10523911,n7052794239,16,Vadakekkara
r10831518,r10523911,n7019609345,17,Palli Hospital
r10831518,r10523911,n7019540815,18,Cheruvaippu Junction
r10831518,r10523911,n7019540813,19,Pallathamkulangara
r10831518,r10523911,n3711605443,2,Civil station
r10831518,r10523911,n7019500475,20,Kuzhuppilly Vadakekkara
r10831518,r10523911,n7019500471,21,Kuzhuppilly
r10831518,r10523911,n7019500464,22,Illathupadi
r10831518,r10523911,n7019490060,23,Vaachakkal
r10831518,r10523911,n7019490057,24,Pazhangad
r10831518,r10523911,n4729546009,25,AE Office
r10831518,r10523911,n7019490053,26,KPMHS
r10831518,r10523911,n7019490048,27,Edavanakad Palli
r10831518,r10523911,n4729063219,28,Aniyal
r10831518,r10523911,n7019490009,29,Thayyezhuth Ln
r10831518,r10523911,n3676244647,3,Namboodrichanda aal
r10831518,r10523911,n2928886789,30,Nayarambalam
r10831518,r10523911,n6859298874,31,CT Office
r10831518,r10523911,n4729063228,32,ATH
r10831518,r10523911,n7019570874,33,kochambalam
r10831518,r10523911,n7019570872,34,kudungasseri
r10831518,r10523911,n7019489991,35,Veliyatham Parambu
r10831518,r10523911,n8562986962,36,Maanattuparambu
r10831518,r10523911,n7019570867,37,Mampilly
r10831518,r10523911,n7019570864,38,Njarackal
r10831518,r10523911,n7019570862,39,Hospital Junction
r10831518,r10523911,n4731124415,4,Municipal Junction
r10831518,r10523911,n7019570857,40,Perumpilly
r10831518,r10523911,n7019570856,41,Elamkunnapuzha
r10831518,r10523911,n7019570854,42,Perumalppadi
r10831518,r10523911,n9310076228,43,Malippuram
r10831518,r10523911,n7019483220,44,Malippuram hospital
r10831518,r10523911,n3870727313,45,Valappu
r10831518,r10523911,n7080379200,46,School muttam
r10831518,r10523911,n7018599468,47,Puthuvype
r10831518,r10523911,n7018945497,48,Company Peedika
r10831518,r10523911,n7083824553,49,Thekkan malippuram
r10831518,r10523911,n1049713241,5,KMK Junction
r10831518,r10523911,n7021264006,50,Murikkumpaadam
r10831518,r10523911,n7052794274,51,SeaFood
r10831518,r10523911,n7021264003,52,Kaalamukku
r10831518,r10523911,n7052794272,53,Vallarpadam
r10831518,r10523911,n7086058489,54,Vallarpadam Junction
r10831518,r10523911,n7052794270,55,Bolgatty
r10831518,r10523911,n7052794253,56,High Court
r10831518,r10523911,n7052794251,6,Prabhus
r10831518,r10523911,n7052794245,7,Perumpadanna
r10831518,r10523911,n7052794242,8,Perumpadanna Bridge
r10831518,r10523911,n7084389852,9,Cherai Bridge
r12759113,r10592287,n4694147800,1,Munambam Ferry
r12759113,r10592287,n7102015086,10,Janatha
r12759113,r10592287,n7098248602,11,smhss
r12759113,r10592287,n7098248601,12,Bakery
r12759113,r10592287,n7098248599,13,Karuthala
r12759113,r10592287,n7019697468,14,Devaswam nada
r12759113,r10592287,n7019609351,15,Gowreeswaram
r12759113,r10592287,n7019609349,16,Ramavarma
r12759113,r10592287,n4729063216,17,Ayyampilly
r12759113,r10592287,n7019609346,18,Janatha
r12759113,r10592287,n7052794239,19,Vadakekkara
r12759113,r10592287,n7102015148,2,IR Valavu
r12759113,r10592287,n7019609345,20,Palli Hospital
r12759113,r10592287,n7019540815,21,Cheruvaippu Junction
r12759113,r10592287,n7019540813,22,Pallathamkulangara
r12759113,r10592287,n7019500475,23,Kuzhuppilly Vadakekkara
r12759113,r10592287,n7019500471,24,Kuzhuppilly
r12759113,r10592287,n7019500464,25,Illathupadi
r12759113,r10592287,n7019490060,26,Vaachakkal
r12759113,r10592287,n7019490057,27,Pazhangad
r12759113,r10592287,n4729546009,28,AE Office
r12759113,r10592287,n7019490053,29,KPMHS
r12759113,r10592287,n7102015146,3,Beach Road
r12759113,r10592287,n7019490048,30,Edavanakad Palli
r12759113,r10592287,n4729063219,31,Aniyal
r12759113,r10592287,n7019490009,32,Thayyezhuth Ln
r12759113,r10592287,n2928886789,33,Nayarambalam
r12759113,r10592287,n6859298874,34,CT Office
r12759113,r10592287,n4729063228,35,ATH
r12759113,r10592287,n7019570874,36,kochambalam
r12759113,r10592287,n7019570872,37,kudungasseri
r12759113,r10592287,n7019489991,38,Veliyatham Parambu
r12759113,r10592287,n8562986962,39,Maanattuparambu
r12759113,r10592287,n7102015143,4,Mani Bazar
r12759113,r10592287,n7019570867,40,Mampilly
r12759113,r10592287,n7019570864,41,Njarackal
r12759113,r10592287,n7019570862,42,Hospital Junction
r12759113,r10592287,n7019570857,43,Perumpilly
r12759113,r10592287,n7019570856,44,Elamkunnapuzha
r12759113,r10592287,n7019570854,45,Perumalppadi
r12759113,r10592287,n7019483220,46,Malippuram hospital
r12759113,r10592287,n3870727313,47,Valappu
r12759113,r10592287,n7080379200,48,School muttam
r12759113,r10592287,n7018599468,49,Puthuvype
r12759113,r10592287,n7102015142,5,Angaadi
r12759113,r10592287,n7018945497,50,Company Peedika
r12759113,r10592287,n7083824553,51,Thekkan malippuram
r12759113,r10592287,n7021264006,52,Murikkumpaadam
r12759113,r10592287,n7052794274,53,SeaFood
r12759113,r10592287,n7097918159,54,Kaalamukku
r12759113,r10592287,n7097918160,55,Panikkaru Padi
r12759113,r10592287,n9310076225,56,Government School Pady
r12759113,r10592287,n982135818,57,Vypin
r12759113,r10592287,n9310076226,58,Government School Pady
r12759113,r10592287,n7097918161,59,Panikkaru Padi
r12759113,r10592287,n7102015140,6,Police Station
r12759113,r10592287,n7021264003,60,Kaalamukku
r12759113,r10592287,n7052794272,61,Vallarpadam
r12759113,r10592287,n7086058489,62,Vallarpadam Junction
r12759113,r10592287,n7052794270,63,Bolgatty
r12759113,r10592287,n7052794253,64,High Court
r12759113,r10592287,n7102015091,7,Pallippuram Palli
r12759113,r10592287,n7102015090,8,Convent
r12759113,r10592287,n7102015088,9,Kolothumkadavu
r12759113,r10592288,n7052794252,1,High Court
r12759113,r10592288,n7052794273,10,SeaFood
r12759113,r10592288,n7021264005,11,Murikkumpaadam
r12759113,r10592288,n7083824552,12,Thekkan malippuram
r12759113,r10592288,n6864553692,13,Company Peedika
r12759113,r10592288,n7018599469,14,Puthuvype
r12759113,r10592288,n7083824551,15,School muttam
r12759113,r10592288,n7018735456,16,Valappu
r12759113,r10592288,n7019483219,17,Malippuram hospital
r12759113,r10592288,n3870727315,18,Perumalppadi
r12759113,r10592288,n7019570855,19,Elamkunnapuzha
r12759113,r10592288,n5756729629,2,Bolgatty
r12759113,r10592288,n7019570858,20,Perumpilly
r12759113,r10592288,n7019570863,21,Hospital Junction
r12759113,r10592288,n4729063558,22,Njarackal
r12759113,r10592288,n7019570866,23,Mampilly
r12759113,r10592288,n7019570868,24,Maanattuparambu
r12759113,r10592288,n7019570870,25,Veliyatham Parambu
r12759113,r10592288,n7019570871,26,kudungasseri
r12759113,r10592288,n7019570873,27,kochambalam
r12759113,r10592288,n7019570875,28,ATH
r12759113,r10592288,n7019489996,29,CT Office
r12759113,r10592288,n7086058490,3,Vallarpadam Junction
r12759113,r10592288,n7019570876,30,Nayarambalam
r12759113,r10592288,n7294644885,31,Thayyezhuth Ln
r12759113,r10592288,n7019490039,32,Aniyal
r12759113,r10592288,n4729063048,33,Edavanakad Palli
r12759113,r10592288,n7019490052,34,KPMHS
r12759113,r10592288,n7019490054,35,AE Office
r12759113,r10592288,n7019490058,36,Pazhangad
r12759113,r10592288,n7019490059,37,Vaachakkal
r12759113,r10592288,n7019500465,38,Illathupadi
r12759113,r10592288,n7019500470,39,Kuzhuppilly
r12759113,r10592288,n7052794271,4,Vallarpadam
r12759113,r10592288,n7019500474,40,Kuzhuppilly Vadakekkara
r12759113,r10592288,n6895227823,41,Pallathamkulangara
r12759113,r10592288,n6895265704,42,Cheruvaippu Junction
r12759113,r10592288,n7019609344,43,Palli Hospital
r12759113,r10592288,n7019609347,44,Vadakekkara
r12759113,r10592288,n4729063046,45,Janatha
r12759113,r10592288,n7019609343,46,Ayyampilly
r12759113,r10592288,n7019609348,47,Ramavarma
r12759113,r10592288,n6914445924,48,Gowreeswaram
r12759113,r10592288,n7098248597,49,Devaswam nada
r12759113,r10592288,n7097918159,5,Kaalamukku
r12759113,r10592288,n7098248598,50,Karuthala
r12759113,r10592288,n7098248600,51,Bakery
r12759113,r10592288,n7098248603,52,smhss
r12759113,r10592288,n7102015085,53,Janatha
r12759113,r10592288,n7102015087,54,Kolothumkadavu
r12759113,r10592288,n7102015089,55,Convent
r12759113,r10592288,n7102015092,56,Pallippuram Palli
r12759113,r10592288,n7102015139,57,Police Station
r12759113,r10592288,n7102015141,58,Angaadi
r12759113,r10592288,n7102015144,59,Mani Bazar
r12759113,r10592288,n7097918160,6,Panikkaru Padi
r12759113,r10592288,n7102015145,60,Beach Road
r12759113,r10592288,n7102015147,61,Ayyaar Valavu
r12759113,r10592288,n4694147800,62,Munambam Ferry
r12759113,r10592288,n982135818,7,Vypin
r12759113,r10592288,n7097918161,8,Panikkaru Padi
r12759113,r10592288,n7021264004,9,Kaalamukku
r13478965,r13478964,n7099924088,1,North Paravur
r13478965,r13478964,n9283279475,10,Mosco
r13478965,r13478964,n9283279474,11,Thaiveypu
r13478965,r13478964,n9283279473,12,Kannan Chira
r13478965,r13478964,n9283279472,13,Kudiya Kulangara
r13478965,r13478964,n9283279471,14,M L A Padi
r13478965,r13478964,n9283279470,15,Ice Plant
r13478965,r13478964,n9283279469,16,Kundakkavu
r13478965,r13478964,n9283279468,17,Panchayathu padi
r13478965,r13478964,n9283279467,18,Bypass Junction
r13478965,r13478964,n9283279466,19,Ayyappilly
r13478965,r13478964,n3711605443,2,Civil station
r13478965,r13478964,n9283279465,20,Kadakkara Kavala
r13478965,r13478964,n9283279464,21,Palli
r13478965,r13478964,n9283279463,22,Club padi
r13478965,r13478964,n9283279462,23,Ezhikkara
r13478965,r13478964,n3676244647,3,Namboodrichanda aal
r13478965,r13478964,n4731124415,4,Municipal Junction
r13478965,r13478964,n1049713241,5,KMK Junction
r13478965,r13478964,n7052794251,6,Prabhus
r13478965,r13478964,n9283279478,7,Perumpadanna
r13478965,r13478964,n9283279477,8,Ambala Padi
r13478965,r13478964,n9283279476,9,Shappupady
r13478965,r13479120,n9283451338,1,Ezhikkara
r13478965,r13479120,n9283451330,10,M L A Padi
r13478965,r13479120,n9283451329,11,Kudiya Kulangara
r13478965,r13479120,n9283451326,12,Kannan Chira
r13478965,r13479120,n9283451324,13,Thaiveypu
r13478965,r13479120,n9283451341,14,Mosco
r13478965,r13479120,n9283451340,15,Shappupady
r13478965,r13479120,n9283451339,16,Ambala Padi
r13478965,r13479120,n7052794244,17,Perumpadanna
r13478965,r13479120,n7052794250,18,Prabhus
r13478965,r13479120,n4665138939,19,KMK Junction
r13478965,r13479120,n9283451337,2,Club padi
r13478965,r13479120,n2780917203,20,KSRTC Bus Station
r13478965,r13479120,n2965446278,21,Chendamangalam Junction
r13478965,r13479120,n7099924088,22,North Paravur
r13478965,r13479120,n9283451336,3,Palli
r13478965,r13479120,n9283451335,4,Kadakkara Kavala
r13478965,r13479120,n9283451334,5,Ayyappilly
r13478965,r13479120,n9283451333,6,Bypass Junction
r13478965,r13479120,n9283451332,7,Panchayathu padi
r13478965,r13479120,n9283451331,8,Kundakkavu
r13478965,r13479120,n8661859529,9,Ice Plant
r13489073,r13489072,n7475665490,1,Edakochi
r13489073,r13489072,n9290900865,10,Aquinas college
r13489073,r13489072,n6604465434,11,Pashnithodu Palam
r13489073,r13489072,n9310410937,12,Kumbalangi Vazhi
r13489073,r13489072,n9290900852,13,Kacheripadi
r13489073,r13489072,n7464400088,14,Palluruthy Veli
r13489073,r13489072,n9290900851,15,Marunnukada
r13489073,r13489072,n9290900853,16,Palluruthy Nada
r13489073,r13489072,n9290900864,17,Suriyani Palli
r13489073,r13489072,n9290900849,18,Pyari Junction
r13489073,r13489072,n9290900856,19,Kochu Palli
r13489073,r13489072,n9291092511,2,Palli
r13489073,r13489072,n9290900848,20,Thoppumpadi
r13489073,r13489072,n9290900850,21,Kazhuthumuttu
r13489073,r13489072,n6300587285,22,Polakandam Market
r13489073,r13489072,n6300587385,23,Karuvelippadi
r13489073,r13489072,n9290900855,24,Chullikkal
r13489073,r13489072,n2391343057,25,Panayappilly
r13489073,r13489072,n9290900866,26,Paravan Mukk
r13489073,r13489072,n2391343017,27,Koovapaadam
r13489073,r13489072,n9290900854,28,Pandikudi
r13489073,r13489072,n9310410993,29,Ajantha
r13489073,r13489072,n9290900858,3,Kaithavalappu
r13489073,r13489072,n8668955468,30,Fortkochi Veli
r13489073,r13489072,n8668983327,31,Ground
r13489073,r13489072,n6300587388,32,Amaravathi
r13489073,r13489072,n9290900860,33,Kockers
r13489073,r13489072,n4639553292,34,Chirattapalam
r13489073,r13489072,n4639553293,35,Njaliparambu
r13489073,r13489072,n6300587389,36,Kunnumpuram
r13489073,r13489072,n9290900859,37,Police Station
r13489073,r13489072,n9290900861,38,Fort Kochi
r13489073,r13489072,n9290900857,4,Kozhikkoodu
r13489073,r13489072,n9290900863,5,St Lorance School
r13489073,r13489072,n9290900862,6,Salim Kumar
r13489073,r13489072,n9290900868,7,Kumbalam Ferry
r13489073,r13489072,n6604480384,8,Pambayi Moola
r13489073,r13489072,n6604489386,9,Pambayi Moola
r13489073,r13489398,n9290900861,1,Fort Kochi
r13489073,r13489398,n9301209755,10,Ajantha
r13489073,r13489398,n9291092488,11,Pandikudi
r13489073,r13489398,n2391343016,12,Koovapadam
r13489073,r13489398,n2391343018,13,Paravan Mukk
r13489073,r13489398,n2391343019,14,Kappalandi Mukk
r13489073,r13489398,n9291092510,15,Panayappilly
r13489073,r13489398,n7500481958,16,Chullikkal
r13489073,r13489398,n9291092500,17,Karuvepippadi
r13489073,r13489398,n9291092496,18,Karuvepippadi East
r13489073,r13489398,n9291092490,19,Harber
r13489073,r13489398,n9291092497,2,Fort Kochi
r13489073,r13489398,n9291092509,20,Thoppumpadi
r13489073,r13489398,n9291092504,21,Kochu Palli
r13489073,r13489398,n8494116519,22,Pyari Junction
r13489073,r13489398,n9291092487,23,Thoppumpadi BOT
r13489073,r13489398,n9291092483,24,Suriyani Palli
r13489073,r13489398,n9291092506,25,Palluruthy Nada
r13489073,r13489398,n9291092502,26,Marunnukada
r13489073,r13489398,n9291092501,27,Palluruthy Veli
r13489073,r13489398,n9291092494,28,Kacheripadi
r13489073,r13489398,n9310410936,29,Kumbalangi Vazhi
r13489073,r13489398,n9291092492,3,Jetty
r13489073,r13489398,n6604465433,30,Pashnithodu Palam
r13489073,r13489398,n9291092498,31,Aquinas Collage
r13489073,r13489398,n6575215866,32,Pambayi Moola
r13489073,r13489398,n9291092508,33,Kumbalam Ferry
r13489073,r13489398,n9291092491,34,Salim Kumar
r13489073,r13489398,n9291092495,35,St Lorance School
r13489073,r13489398,n9291092499,36,Kozhikkood
r13489073,r13489398,n9291092505,37,Kaithavalappu
r13489073,r13489398,n9291092493,38,Palli
r13489073,r13489398,n9291092485,39,Edakochi
r13489073,r13489398,n9291092503,4,Taluk Hospital
r13489073,r13489398,n5756729631,5,Kunnumpuram
r13489073,r13489398,n9291092489,6,Chirattapalam
r13489073,r13489398,n9291092507,7,Kockers
r13489073,r13489398,n8668982935,8,Amaravathi
r13489073,r13489398,n8668993731,9,Fortkochi Veli
r13497147,r13497146,n7052794252,1,High Court
r13497147,r13497146,n9297193987,10,Compression Mukku
r13497147,r13497146,n9297193986,11,Padakkad
r13497147,r13497146,n9297193985,12,Ambalam
r13497147,r13497146,n9297193984,13,Panambukad
r13497147,r13497146,n5756729629,2,Bolgatty
r13497147,r13497146,n9297193980,3,Vallarpadam Junction
r13497147,r13497146,n9297194000,4,Vallarpadam Church
r13497147,r13497146,n9297193999,5,Booth
r13497147,r13497146,n9297193998,6,Naduchira Paalam
r13497147,r13497146,n9297193992,7,Vayanashala
r13497147,r13497146,n9297193989,8,Karthedam Bank
r13497147,r13497146,n9297193988,9,Adikandath Temple
r13497147,r13497384,n9297289181,1,Panambukad
r13497147,r13497384,n9297289172,10,Vallarpadam Church
r13497147,r13497384,n9297289171,11,Vallarpadam Junction
r13497147,r13497384,n9297289170,12,Bolgatty
r13497147,r13497384,n7052794253,13,High Court
r13497147,r13497384,n9297289180,2,Ambalam
r13497147,r13497384,n9297289179,3,Padakkad
r13497147,r13497384,n9297289178,4,Compression Mukku
r13497147,r13497384,n9297289177,5,Adikandath Temple
r13497147,r13497384,n9297289176,6,Karthedam Bank
r13497147,r13497384,n9297289175,7,Vayanashala
r13497147,r13497384,n9297289174,8,Naduchira Paalam
r13497147,r13497384,n9297289173,9,Booth
r13498566,r13498564,n8677019617,1,Vypin
r13498566,r13498564,n9300383988,2,Fort Kochi
r13498566,r13498564,n9300383994,3,Embarkation Jetty
r13498566,r13498564,n9300384001,4,Ernakulam
r13498566,r13498565,n9300384000,1,Ernakulam
r13498566,r13498565,n9300383994,2,Embarkation Jetty
r13498566,r13498565,n9300383988,3,Fort Kochi
r13498566,r13498565,n8677019617,4,Vypin
r13498742,r13498740,n9300383988,1,Fort Kochi
r13498742,r13498740,n9300384001,2,Ernakulam
r13498742,r13498741,n9300384001,1,Ernakulam
r13498742,r13498741,n9300383988,2,Fort Kochi
r13498857,r13498855,n9300383988,1,Fort Kochi
r13498857,r13498855,n9300383994,2,Embarkation Jetty
r13498857,r13498855,n9300384000,3,Ernakulam
r13498857,r13498856,n9300384000,1,Ernakulam
r13498857,r13498856,n9300383994,2,Embarkation Jetty
r13498857,r13498856,n9300383988,3,Fort Kochi
r13500567,r13500566,n9280367799,1,Vyttila
r13500567,r13500566,n7131609339,10,Pallimukk
r13500567,r13500566,n7131609340,11,Ghandhi Square
r13500567,r13500566,n9259132617,12,Subash Park
r13500567,r13500566,n9265640217,13,Children's Park
r13500567,r13500566,n5240431892,14,Menaka
r13500567,r13500566,n8463175621,15,High Court Junction
r13500567,r13500566,n8668423952,16,St Alberts
r13500567,r13500566,n8668423966,17,Saritha
r13500567,r13500566,n8668423968,18,Kacherpady
r13500567,r13500566,n8463175619,19,North Railway Station
r13500567,r13500566,n9300974365,2,Vyttila Devaswom Board
r13500567,r13500566,n9300974357,20,Manapattyparambu
r13500567,r13500566,n9300974358,21,Town Hall
r13500567,r13500566,n8463147709,22,Kaloor
r13500567,r13500566,n8463147707,23,Mathrubhoomi
r13500567,r13500566,n9182595067,24,Deshabhimani
r13500567,r13500566,n8463147704,25,Kaloor stadium
r13500567,r13500566,n9300974354,26,Janatha
r13500567,r13500566,n9300974353,27,Palarivattom
r13500567,r13500566,n9300974351,28,Pipeline Junction
r13500567,r13500566,n2580734253,29,Pipeline Junction
r13500567,r13500566,n9310588323,3,Vyttila
r13500567,r13500566,n9300974350,30,Pipeline Junction
r13500567,r13500566,n5757830543,31,Pipeline Junction
r13500567,r13500566,n2580734682,32,EMC
r13500567,r13500566,n9310588324,33,Convent
r13500567,r13500566,n5757830551,34,Puthiya Road Bypass Junction
r13500567,r13500566,n9300974347,35,Chakkaraparambu
r13500567,r13500566,n9310588325,36,Vaishali
r13500567,r13500566,n9300974346,37,Geethanjali Junction
r13500567,r13500566,n9258708870,38,Chalikkavattom
r13500567,r13500566,n9310588327,39,Vyttila
r13500567,r13500566,n9300974355,4,Janatha
r13500567,r13500566,n9280367799,40,Vyttila
r13500567,r13500566,n7068947210,5,Elamkulam
r13500567,r13500566,n7131595937,6,Kadavanthra
r13500567,r13500566,n9300974362,7,Manorama Junction
r13500567,r13500566,n8498628873,8,Valanjambalam
r13500567,r13500566,n9310588330,9,Ravipuram
r13500673,r13500672,n4769436235,1,Vytilla Junction
r13500673,r13500672,n9182595066,10,Deshabhimani
r13500673,r13500672,n8463147706,11,Mathrubhoomi
r13500673,r13500672,n2780838959,12,Kaloor
r13500673,r13500672,n8463147714,13,Manapattyparambu
r13500673,r13500672,n8463147716,14,Town Hall
r13500673,r13500672,n8463175618,15,North Railway Station
r13500673,r13500672,n8463175620,16,Kacherippady
r13500673,r13500672,n5145335691,17,St Alberts College
r13500673,r13500672,n8668423951,18,Saritha
r13500673,r13500672,n3886536252,19,High Court Junction
r13500673,r13500672,n5757830554,2,Anjumuri
r13500673,r13500672,n2712142797,20,Menaka
r13500673,r13500672,n4753199419,21,St. Teresa's
r13500673,r13500672,n7175749744,22,Convent Junction
r13500673,r13500672,n7060336594,23,Boat Jetty Junction
r13500673,r13500672,n4561240974,24,Hospital Junction
r13500673,r13500672,n9310003823,25,Maharajas Hostel
r13500673,r13500672,n7130769338,26,Maharajas Ground
r13500673,r13500672,n9309110549,27,Karakkat Junction
r13500673,r13500672,n2712147178,28,Ernakulam South
r13500673,r13500672,n7130826462,29,Valanjambalam
r13500673,r13500672,n5757830552,3,Kuthappady
r13500673,r13500672,n5379782848,30,Manorama Junction
r13500673,r13500672,n7175749752,31,Kadavanthara Junction
r13500673,r13500672,n7068947211,32,Elamkulam
r13500673,r13500672,n7175922504,33,Janatha
r13500673,r13500672,n9300974365,34,Vyttila Devaswom Board
r13500673,r13500672,n9280367798,35,Vyttila
r13500673,r13500672,n9309110554,4,Thammanam Junction
r13500673,r13500672,n9309110553,5,Pallinda
r13500673,r13500672,n9309110552,6,Pipeline Junction
r13500673,r13500672,n9309110551,7,Palarivattom
r13500673,r13500672,n9309110535,8,Janatha
r13500673,r13500672,n8463147703,9,Kaloor stadium
r13500936,r13500934,n9290900861,1,Fort Kochi
r13500936,r13500934,n9301209755,10,Ajantha
r13500936,r13500934,n9291092488,11,Pandikudi
r13500936,r13500934,n2391343016,12,Koovapadam
r13500936,r13500934,n2391343018,13,Paravan Mukk
r13500936,r13500934,n2391343019,14,Kappalandi Mukk
r13500936,r13500934,n9291092510,15,Panayappilly
r13500936,r13500934,n7500481958,16,Chullikkal
r13500936,r13500934,n9291092500,17,Karuvepippadi
r13500936,r13500934,n9291092496,18,Karuvepippadi East
r13500936,r13500934,n9291092490,19,Harber
r13500936,r13500934,n9291092497,2,Fort Kochi
r13500936,r13500934,n9291092509,20,Thoppumpadi
r13500936,r13500934,n9291092504,21,Kochu Palli
r13500936,r13500934,n8494116519,22,Pyari Junction
r13500936,r13500934,n9291092487,23,Thoppumpadi BOT
r13500936,r13500934,n9291092483,24,Suriyani Palli
r13500936,r13500934,n9291092506,25,Palluruthy Nada
r13500936,r13500934,n9291092502,26,Marunnukada
r13500936,r13500934,n9291092501,27,Palluruthy Veli
r13500936,r13500934,n9291092494,28,Kacheripadi
r13500936,r13500934,n9310410935,29,Kumbalangi Vazhi
r13500936,r13500934,n9291092492,3,Jetty
r13500936,r13500934,n9301209753,31,Koventha Junction
r13500936,r13500934,n9310410947,32,Mattiyambalam
r13500936,r13500934,n9301209752,33,Perumpadappu
r13500936,r13500934,n9310410951,35,St Joseph Church
r13500936,r13500934,n9301209750,36,Koyabazar
r13500936,r13500934,n9301209749,37,Kumbalagi North
r13500936,r13500934,n9310410961,38,Ettungal
r13500936,r13500934,n9301209748,39,Old Post Office
r13500936,r13500934,n9291092503,4,Taluk Hospital
r13500936,r13500934,n9310410964,40,Compression Mukk
r13500936,r13500934,n9301209747,41,Illikal
r13500936,r13500934,n9310410967,42,Government Hospital
r13500936,r13500934,n9310410969,43,Pooppana Kunnu
r13500936,r13500934,n9310410970,45,Convent Junction
r13500936,r13500934,n9310410973,46,SNDP
r13500936,r13500934,n9301209744,47,Priyadarshini
r13500936,r13500934,n9310410984,48,Malattu
r13500936,r13500934,n9301209743,49,Pazhangadu
r13500936,r13500934,n5756729631,5,Kunnumpuram
r13500936,r13500934,n9310410988,50,Pazhangadu Junction
r13500936,r13500934,n9301209742,51,NKN Hospital
r13500936,r13500934,n9310410987,52,Chathayam
r13500936,r13500934,n9301209741,53,Kumbalangi South
r13500936,r13500934,n9301209740,54,Kumbalangi
r13500936,r13500934,n9291092489,6,Chirattapalam
r13500936,r13500934,n9291092507,7,Kockers
r13500936,r13500934,n8668982935,8,Amaravathi
r13500936,r13500934,n8668993731,9,Fortkochi Veli
r13500936,r13500935,n9310410992,1,Kumbalangi
r13500936,r13500935,n9310410971,10,Convent Junction
r13500936,r13500935,n9310410968,12,Pooppana Kunnu
r13500936,r13500935,n9310410966,13,Government Hospital
r13500936,r13500935,n9310410965,14,Illikal
r13500936,r13500935,n9310410963,15,Compression Mukk
r13500936,r13500935,n9310410962,16,Old Post Office
r13500936,r13500935,n9310410960,17,Ettungal
r13500936,r13500935,n9310410959,18,Kumbalagi North
r13500936,r13500935,n9310410958,19,Koyabazar
r13500936,r13500935,n9310410991,2,Kumbalangi South
r13500936,r13500935,n9310410950,20,St Joseph Church
r13500936,r13500935,n9310410948,22,Perumpadappu
r13500936,r13500935,n9310410946,23,Mattiyambalam
r13500936,r13500935,n9310410941,24,Koventha Junction
r13500936,r13500935,n9310410937,26,Kumbalangi Vazhi
r13500936,r13500935,n9290900852,27,Kacheripadi
r13500936,r13500935,n7464400088,28,Palluruthy Veli
r13500936,r13500935,n9290900851,29,Marunnukada
r13500936,r13500935,n9310410986,3,Chathayam
r13500936,r13500935,n9290900853,30,Palluruthy Nada
r13500936,r13500935,n9290900864,31,Suriyani Palli
r13500936,r13500935,n9290900849,32,Pyari Junction
r13500936,r13500935,n9290900856,33,Kochu Palli
r13500936,r13500935,n9290900848,34,Thoppumpadi
r13500936,r13500935,n9290900850,35,Kazhuthumuttu
r13500936,r13500935,n6300587285,36,Polakandam Market
r13500936,r13500935,n6300587385,37,Karuvelippadi
r13500936,r13500935,n9290900855,38,Chullikkal
r13500936,r13500935,n2391343057,39,Panayappilly
r13500936,r13500935,n9310410990,4,NKN Hospital
r13500936,r13500935,n9290900866,40,Paravan Mukk
r13500936,r13500935,n2391343017,41,Koovapaadam
r13500936,r13500935,n9290900854,42,Pandikudi
r13500936,r13500935,n9310410993,43,Ajantha
r13500936,r13500935,n8668955468,44,Fortkochi Veli
r13500936,r13500935,n8668983327,45,Ground
r13500936,r13500935,n6300587388,46,Amaravathi
r13500936,r13500935,n9290900860,47,Kockers
r13500936,r13500935,n4639553292,48,Chirattapalam
r13500936,r13500935,n4639553293,49,Njaliparambu
r13500936,r13500935,n9310410989,5,Pazhangadu Junction
r13500936,r13500935,n6300587389,50,Kunnumpuram
r13500936,r13500935,n9290900859,51,Police Station
r13500936,r13500935,n9290900861,52,Fort Kochi
r13500936,r13500935,n9310410985,6,Pazhangadu
r13500936,r13500935,n9310410983,7,Malattu
r13500936,r13500935,n9310410981,8,Priyadarshini
r13500936,r13500935,n9310410972,9,SNDP
